# Auto-generated file path mappings
# Created: Wed Mar 26 02:09:16 EDT 2025
# Maps old file paths to new file paths for documentation cross-references

# Filesystem structure mappings
approaches/kubernetes-api.md|approaches/kubernetes-api/index.md
approaches/kubernetes-api/|approaches/kubernetes-api/index.md
approaches/debug-container.md|approaches/debug-container/index.md
approaches/debug-container/|approaches/debug-container/index.md
approaches/sidecar-container.md|approaches/sidecar-container/index.md
approaches/sidecar-container/|approaches/sidecar-container/index.md
approaches/helper-scripts.md|approaches/helper-scripts/index.md
approaches/helper-scripts/|approaches/helper-scripts/index.md
approaches.md|approaches/index.md
approaches/|approaches/index.md
rbac.md|rbac/index.md
rbac/|rbac/index.md
configuration/advanced.md|configuration/advanced/index.md
configuration/advanced/|configuration/advanced/index.md
configuration/thresholds.md|configuration/thresholds/index.md
configuration/thresholds/|configuration/thresholds/index.md
configuration/security.md|configuration/security/index.md
configuration/security/|configuration/security/index.md
configuration/plugins.md|configuration/plugins/index.md
configuration/plugins/|configuration/plugins/index.md
configuration/integration.md|configuration/integration/index.md
configuration/integration/|configuration/integration/index.md
configuration/kubeconfig.md|configuration/kubeconfig/index.md
configuration/kubeconfig/|configuration/kubeconfig/index.md
configuration.md|configuration/index.md
configuration/|configuration/index.md
kubernetes-setup.md|kubernetes-setup/index.md
kubernetes-setup/|kubernetes-setup/index.md
security/threat-model.md|security/threat-model/index.md
security/threat-model/|security/threat-model/index.md
security/compliance.md|security/compliance/index.md
security/compliance/|security/compliance/index.md
security/recommendations.md|security/recommendations/index.md
security/recommendations/|security/recommendations/index.md
security.md|security/index.md
security/|security/index.md
security/principles.md|security/principles/index.md
security/principles/|security/principles/index.md
security/risk.md|security/risk/index.md
security/risk/|security/risk/index.md
contributing/testing.md|contributing/testing/index.md
contributing/testing/|contributing/testing/index.md
contributing.md|contributing/index.md
contributing/|contributing/index.md
integration/configuration.md|integration/configuration/index.md
integration/configuration/|integration/configuration/index.md
integration/platforms.md|integration/platforms/index.md
integration/platforms/|integration/platforms/index.md
integration/workflows.md|integration/workflows/index.md
integration/workflows/|integration/workflows/index.md
integration.md|integration/index.md
integration/|integration/index.md
integration/examples.md|integration/examples/index.md
integration/examples/|integration/examples/index.md
gitlab-services-examples.md|gitlab-services-examples/index.md
gitlab-services-examples/|gitlab-services-examples/index.md
project/archive.md|project/archive/index.md
project/archive/|project/archive/index.md
project.md|project/index.md
project/|project/index.md
utilities.md|utilities/index.md
utilities/|utilities/index.md
service-accounts.md|service-accounts/index.md
service-accounts/|service-accounts/index.md
architecture/diagrams.md|architecture/diagrams/index.md
architecture/diagrams/|architecture/diagrams/index.md
architecture/workflows.md|architecture/workflows/index.md
architecture/workflows/|architecture/workflows/index.md
architecture/integrations.md|architecture/integrations/index.md
architecture/integrations/|architecture/integrations/index.md
architecture/components.md|architecture/components/index.md
architecture/components/|architecture/components/index.md
architecture.md|architecture/index.md
architecture/|architecture/index.md
architecture/deployment.md|architecture/deployment/index.md
architecture/deployment/|architecture/deployment/index.md
examples.md|examples/index.md
examples/|examples/index.md
developer-guide/testing.md|developer-guide/testing/index.md
developer-guide/testing/|developer-guide/testing/index.md
developer-guide.md|developer-guide/index.md
developer-guide/|developer-guide/index.md
developer-guide/deployment/advanced-topics.md|developer-guide/deployment/advanced-topics/index.md
developer-guide/deployment/advanced-topics/|developer-guide/deployment/advanced-topics/index.md
developer-guide/deployment.md|developer-guide/deployment/index.md
developer-guide/deployment/|developer-guide/deployment/index.md
developer-guide/deployment/scenarios.md|developer-guide/deployment/scenarios/index.md
developer-guide/deployment/scenarios/|developer-guide/deployment/scenarios/index.md
github-workflow-examples.md|github-workflow-examples/index.md
github-workflow-examples/|github-workflow-examples/index.md
overview.md|overview/index.md
overview/|overview/index.md
tokens.md|tokens/index.md
tokens/|tokens/index.md
gitlab-pipeline-examples.md|gitlab-pipeline-examples/index.md
gitlab-pipeline-examples/|gitlab-pipeline-examples/index.md
helm-charts/security.md|helm-charts/security/index.md
helm-charts/security/|helm-charts/security/index.md
helm-charts/usage.md|helm-charts/usage/index.md
helm-charts/usage/|helm-charts/usage/index.md
helm-charts/operations.md|helm-charts/operations/index.md
helm-charts/operations/|helm-charts/operations/index.md
helm-charts.md|helm-charts/index.md
helm-charts/|helm-charts/index.md
helm-charts/scanner-infrastructure.md|helm-charts/scanner-infrastructure/index.md
helm-charts/scanner-infrastructure/|helm-charts/scanner-infrastructure/index.md
helm-charts/infrastructure.md|helm-charts/infrastructure/index.md
helm-charts/infrastructure/|helm-charts/infrastructure/index.md
helm-charts/overview.md|helm-charts/overview/index.md
helm-charts/overview/|helm-charts/overview/index.md
helm-charts/scanner-types.md|helm-charts/scanner-types/index.md
helm-charts/scanner-types/|helm-charts/scanner-types/index.md
# MkDocs navigation structure mappings
approaches/kubernetes-api/rbac.md|rbac/index.md
configuration/integration/github.md|approaches/kubernetes-api/index.md
configuration/kubeconfig/security.md|configuration/security/index.md
configuration/plugins/testing.md|contributing/testing/index.md
configuration/security/rbac.md|rbac/index.md
configuration/thresholds/advanced.md|configuration/advanced/index.md
configuration/thresholds/examples.md|integration/examples/index.md
developer-guide/deployment/advanced-topics/security.md|configuration/security/index.md
helm-charts/infrastructure/rbac.md|rbac/index.md
helm-charts/infrastructure/service-accounts.md|service-accounts/index.md
helm-charts/overview/architecture.md|architecture/diagrams/index.md
helm-charts/usage/configuration.md|configuration/advanced/index.md
integration/workflows/sidecar-container.md|approaches/sidecar-container/index.md
security/risk/debug-container.md|approaches/debug-container/index.md
security/risk/kubernetes-api.md|approaches/kubernetes-api/index.md
security/risk/sidecar-container.md|approaches/sidecar-container/index.md
# Special handling for relative paths and common issues
../../integration/distroless-integration.md|../../integration/workflows/distroless-container.md
../../integration/sidecar-integration.md|../../integration/workflows/sidecar-container.md
integration/distroless-integration.md|integration/workflows/distroless-container.md
integration/sidecar-integration.md|integration/workflows/sidecar-container.md

# Integration missing placeholders - map to appropriate existing files
integration/overview.md|integration/index.md
integration/platforms/jenkins.md|integration/platforms/index.md
integration/platforms/azure-devops.md|integration/platforms/index.md
integration/platforms/custom-platforms.md|integration/platforms/index.md
integration/examples/gitlab-services-examples.md|integration/examples/index.md
integration/examples/custom-examples.md|integration/examples/index.md

# Security reorganization mappings
security/analysis.md|security/threat-model/index.md
security/overview.md|security/index.md
security/risk-analysis.md|security/risk/index.md

# Security compliance mappings for approach-specific files
security/compliance/debug-container.md|security/compliance/approach-comparison.md
security/compliance/kubernetes-api.md|security/compliance/approach-comparison.md
security/compliance/sidecar-container.md|security/compliance/approach-comparison.md
security/recommendations/enterprise.md|developer-guide/deployment/scenarios/enterprise.md
security/threat-model/attack-vectors.md|security/threat-model/index.md
security/threat-model/lateral-movement.md|security/threat-model/index.md
security/threat-model/token-exposure.md|security/threat-model/index.md
security/threat-model/threat-mitigations.md|security/threat-model/index.md
security/principles/least-privilege.md|security/principles/index.md
security/principles/ephemeral-creds.md|security/principles/index.md
security/principles/resource-isolation.md|security/principles/index.md
security/principles/secure-transport.md|security/principles/index.md
security/compliance/approach-comparison.md|security/compliance/index.md
security/compliance/risk-documentation.md|security/compliance/index.md
security/risk/model.md|security/risk/index.md
security/risk/mitigations.md|security/risk/index.md
security/recommendations/ci-cd.md|developer-guide/deployment/scenarios/cicd.md
security/recommendations/enterprise.md|developer-guide/deployment/scenarios/enterprise.md
security/recommendations/monitoring.md|developer-guide/deployment/advanced-topics/monitoring.md

# Architecture reorganization mappings
architecture/components/core-components.md|architecture/components/index.md
architecture/components/security-components.md|architecture/components/index.md
architecture/components/communication.md|architecture/components/index.md
architecture/diagrams/component-diagrams.md|architecture/diagrams/index.md
architecture/diagrams/workflow-diagrams.md|architecture/diagrams/index.md
architecture/diagrams/deployment-diagrams.md|architecture/diagrams/index.md
architecture/deployment/script-deployment.md|architecture/deployment/index.md
architecture/deployment/helm-deployment.md|architecture/deployment/index.md
architecture/deployment/ci-cd-deployment.md|architecture/deployment/index.md
architecture/integrations/github-actions.md|architecture/integrations/index.md
architecture/integrations/gitlab-ci.md|architecture/integrations/index.md
architecture/integrations/gitlab-services.md|architecture/integrations/index.md
architecture/integrations/custom-integrations.md|architecture/integrations/index.md
architecture/workflows/standard-container.md|architecture/workflows/index.md
architecture/workflows/security-workflows.md|architecture/workflows/index.md

# Configuration reorganization mappings
configuration/advanced/plugin-modifications.md|configuration/plugins/implementation.md
configuration/advanced/saf-cli-integration.md|configuration/integration/saf-cli.md
configuration/advanced/thresholds.md|configuration/thresholds/index.md
configuration/kubeconfig/generation.md|configuration/kubeconfig/index.md
configuration/kubeconfig/management.md|configuration/kubeconfig/index.md
configuration/kubeconfig/dynamic.md|configuration/kubeconfig/index.md
configuration/thresholds/basic.md|configuration/thresholds/index.md
configuration/thresholds/advanced.md|configuration/thresholds/index.md
configuration/thresholds/examples.md|configuration/thresholds/index.md
configuration/thresholds/cicd.md|configuration/thresholds/index.md
configuration/plugins/distroless.md|configuration/plugins/index.md
configuration/plugins/implementation.md|configuration/plugins/index.md
configuration/plugins/testing.md|configuration/plugins/index.md
configuration/integration/saf-cli.md|configuration/integration/index.md
configuration/integration/github.md|configuration/integration/index.md
configuration/integration/gitlab.md|configuration/integration/index.md
configuration/security/hardening.md|configuration/security/index.md
configuration/security/credentials.md|configuration/security/index.md
configuration/security/rbac.md|configuration/security/index.md

# Helm charts reorganization mappings
helm-charts/architecture.md|helm-charts/overview/architecture.md
helm-charts/common-scanner.md|helm-charts/scanner-types/common-scanner.md
helm-charts/distroless-scanner.md|helm-charts/scanner-types/distroless-scanner.md
helm-charts/sidecar-scanner.md|helm-charts/scanner-types/sidecar-scanner.md
helm-charts/standard-scanner.md|helm-charts/scanner-types/standard-scanner.md
helm-charts/scanner-infrastructure.md|helm-charts/infrastructure/index.md
helm-charts/security.md|helm-charts/security/index.md
helm-charts/troubleshooting.md|helm-charts/operations/troubleshooting.md
helm-charts/overview.md|helm-charts/overview/index.md
helm-charts/customization.md|helm-charts/usage/customization.md
helm-charts/security/best-practices.md|helm-charts/security/index.md
helm-charts/security/rbac-hardening.md|helm-charts/security/index.md
helm-charts/security/risk-assessment.md|helm-charts/security/index.md
helm-charts/operations/troubleshooting.md|helm-charts/operations/index.md
helm-charts/operations/performance.md|helm-charts/operations/index.md
helm-charts/operations/maintenance.md|helm-charts/operations/index.md
helm-charts/infrastructure/rbac.md|helm-charts/infrastructure/index.md
helm-charts/infrastructure/service-accounts.md|helm-charts/infrastructure/index.md
helm-charts/infrastructure/namespaces.md|helm-charts/infrastructure/index.md
helm-charts/usage/customization.md|helm-charts/usage/index.md
helm-charts/usage/configuration.md|helm-charts/usage/index.md
helm-charts/usage/values.md|helm-charts/usage/index.md

# Approaches reorganization mappings
approaches/debug-container/future-work.md|approaches/debug-container/index.md
approaches/debug-container/security.md|approaches/debug-container/index.md
approaches/debug-container/integration.md|approaches/debug-container/implementation.md 
approaches/sidecar-container/future-work.md|approaches/sidecar-container/index.md
approaches/sidecar-container/pod-configuration.md|approaches/sidecar-container/index.md
approaches/sidecar-container/retrieving-results.md|approaches/sidecar-container/index.md
approaches/kubernetes-api/future-work.md|approaches/kubernetes-api/index.md
approaches/helper-scripts/customization.md|approaches/helper-scripts/scripts-vs-commands.md
approaches/helper-scripts/implementation.md|approaches/helper-scripts/available-scripts.md
approaches/helper-scripts/integration.md|approaches/helper-scripts/available-scripts.md
approaches/helper-scripts/limitations.md|approaches/helper-scripts/available-scripts.md

# Project documentation mappings
project/documentation-coming-soon.md|project/documentation-coming-soon.md
project/changelog.md|project/changelog.md
project/roadmap.md|project/roadmap.md
project/tasks.md|project/tasks.md
project/terminology.md|project/terminology.md
project/content-map.md|project/content-map.md
project/content-organization-approach.md|project/content-organization-approach.md
project/continuation-prompt.md|project/continuation-prompt.md
project/documentation-gaps.md|project/documentation-gaps.md
project/documentation-entry-refactoring.md|project/documentation-entry-refactoring.md
project/documentation-structure-progress.md|project/documentation-structure-progress.md
project/documentation-review-plan.md|project/documentation-review-plan.md
project/documentation-tools.md|project/documentation-tools.md
project/documentation-cleanup-plan.md|project/documentation-cleanup-plan.md
project/documentation-cleanup-progress.md|project/documentation-cleanup-progress.md
project/warning-resolution-scripts.md|project/warning-resolution-scripts.md
project/architecture-reorganization-summary.md|project/architecture-reorganization-summary.md
project/configuration-reorganization-summary.md|project/configuration-reorganization-summary.md
project/integration-reorganization-summary.md|project/integration-reorganization-summary.md
project/helm-charts-reorganization-summary.md|project/helm-charts-reorganization-summary.md
project/security-reorganization-summary.md|project/security-reorganization-summary.md
project/security-nav-update.md|project/security-nav-update.md
project/archive/ascii-diagrams.md|project/archive/ascii-diagrams.md
project/archive/index.md|project/archive/index.md
project/archive/inventory.md|project/archive/inventory.md
